Workbook

Sheet 交易明细
A1: 币安+A股每日交易复盘模板
A2: 用法：每笔交易填写一行。市场选“加密”时默认口径为 金额+USDT，适合币安；市场选“A股”时默认口径为 数量+CNY。
A3: 日期 | B3: 交易编号 | C3: 标的 | D3: 市场 | E3: 方向 | F3: 策略类型 | G3: 周期 | H3: 开仓时间 | I3: 平仓时间 | J3: 持仓分钟 | K3: 入场理由 | L3: 出场理由 | M3: 开仓价 | N3: 平仓价 | O3: 仓位/名义金额 | P3: 仓位口径 | Q3: 结算币种 | R3: 计划风险金额 | S3: 手续费税费 | T3: 毛盈亏 | U3: 净盈亏 | V3: 净盈亏（元） | W3: 盈亏R倍 | X3: 是否盈利 | Y3: 执行评分 | Z3: 情绪状态 | AA3: 错误标签 | AB3: 做对了什么 | AC3: 下次改进 | AD3: 当天交易总结 | AE3: 截图/链接
A4: 46210 | B4: MUUSDT | C4: MUUSDT | D4: 加密 | E4: 做空 | F4: 趋势突破 | G4: 5分 | H4: 46211.014 | I4: 46211.057 | J4: =IF(OR(H4="",I4=""),"",ROUND((I4-H4)*1440,0)) -> 62 | K4: 下降趋势后，三推楔形顶 | L4: 被打掉，突破前期高点 | M4: 928.69 | N4: 939.01 | O4: 200 | P4: 金额 | Q4: USDT | S4: 0.04 | T4: =IF(OR(E4="",M4="",N4="",O4=""),"",IF(OR(P4="",P4="数量"),IF(E4="做多",(N4-M4)*O4,(M4-N4)*O4),IF(M4=0,"",IF(E4="做多",(N4-M4)/M4*O4,(M4-N4)/M4*O4)))) -> -2.2224854 | U4: =IF(OR(T4="",S4=""),"",T4-S4) -> -2.2624854 | V4: =IF(OR(U4="",Q4=""),"",IF(Q4="CNY",U4,IF(Q4="USDT",U4*字典与说明!$H$25,""))) -> -16.289895 | W4: =IF(OR(U4="",R4="",R4=0),"",U4/R4) | X4: =IF(U4="","",IF(U4>0,"是","否")) -> 否 | Y4: A | Z4: 平静 | AA4: 止损看错位置，设高一点就不会被打到 | AB4: 看到了三推的楔形顶，然后Stop Order入场 | AC4: 往前看一个高点
A5: 46212 | B5: MUUSDT | C5: MUUSDT | D5: 加密 | E5: 做空 | F5: 区间反转 | G5: 1分 | H5: 46212.904 | I5: 46212.907 | J5: =IF(OR(H5="",I5=""),"",ROUND((I5-H5)*1440,0)) -> 5 | K5: 三根强势的大阳线会有一个2nd leg | L5: 止损离场 | M5: 1014.43 | N5: 1017.55 | O5: 600 | P5: =IF(D5="","",IF(D5="加密","金额",IF(D5="A股","数量","数量"))) -> 金额 | Q5: =IF(D5="","",IF(D5="加密","USDT",IF(D5="A股","CNY",""))) -> USDT | S5: 0.24 | T5: =IF(OR(E5="",M5="",N5="",O5=""),"",IF(OR(P5="",P5="数量"),IF(E5="做多",(N5-M5)*O5,(M5-N5)*O5),IF(M5=0,"",IF(E5="做多",(N5-M5)/M5*O5,(M5-N5)/M5*O5)))) -> -1.8453713 | U5: =IF(OR(T5="",S5=""),"",T5-S5) -> -2.0853713 | V5: =IF(OR(U5="",Q5=""),"",IF(Q5="CNY",U5,IF(Q5="USDT",U5*字典与说明!$H$25,""))) -> -15.014673 | W5: =IF(OR(U5="",R5="",R5=0),"",U5/R5) | X5: =IF(U5="","",IF(U5>0,"是","否")) -> 否 | Y5: C | Z5: 急躁 | AA5: 被情绪左右，慌了，k线还没有走完就操作了 还有就是k线的振幅太大，没有设置止损 | AC5: 不能稳定盈利，不要大仓位操作 | AD5: 1、前三笔都亏损，今天就不交易了 2、不能被情绪左右 3、要果断一点，该入场的时候入，高出场的时候出，不能是入场了不敢，后面入在高点。
B6: MUUSDT | C6: MUUSDT | D6: 加密 | E6: 做多 | F6: 情绪龙头 | G6: 1分 | H6: 46212.923 | I6: 46212.931 | J6: =IF(OR(H6="",I6=""),"",ROUND((I6-H6)*1440,0)) -> 11 | K6: 前面强势上涨，以为EMA能支撑住 | L6: 止损离场 | M6: 1027.58 | N6: 1005.66 | O6: 600 | P6: =IF(D6="","",IF(D6="加密","金额",IF(D6="A股","数量","数量"))) -> 金额 | Q6: =IF(D6="","",IF(D6="加密","USDT",IF(D6="A股","CNY",""))) -> USDT | S6: 0.24 | T6: =IF(OR(E6="",M6="",N6="",O6=""),"",IF(OR(P6="",P6="数量"),IF(E6="做多",(N6-M6)*O6,(M6-N6)*O6),IF(M6=0,"",IF(E6="做多",(N6-M6)/M6*O6,(M6-N6)/M6*O6)))) -> -12.799003 | U6: =IF(OR(T6="",S6=""),"",T6-S6) -> -13.039003 | V6: =IF(OR(U6="",Q6=""),"",IF(Q6="CNY",U6,IF(Q6="USDT",U6*字典与说明!$H$25,""))) -> -93.880825 | W6: =IF(OR(U6="",R6="",R6=0),"",U6/R6) | X6: =IF(U6="","",IF(U6>0,"是","否")) -> 否 | Y6: C | Z6: 犹豫 | AA6: 没有看到市场给我的信号 自以为是，没有设置止损 | AC6: 设置止损，看到被反转的信号 就要离场
B7: MUUSDT | C7: MUUSDT | D7: 加密 | E7: 做多 | F7: 趋势突破 | G7: 1分 | H7: 46212.934 | I7: 46212.939 | J7: =IF(OR(H7="",I7=""),"",ROUND((I7-H7)*1440,0)) -> 7 | K7: 前面两个大阳线，stop order入场 | L7: 止损离场 | M7: 1011.8 | N7: 1009.43 | O7: 600 | P7: =IF(D7="","",IF(D7="加密","金额",IF(D7="A股","数量","数量"))) -> 金额 | Q7: =IF(D7="","",IF(D7="加密","USDT",IF(D7="A股","CNY",""))) -> USDT | S7: 0.24 | T7: =IF(OR(E7="",M7="",N7="",O7=""),"",IF(OR(P7="",P7="数量"),IF(E7="做多",(N7-M7)*O7,(M7-N7)*O7),IF(M7=0,"",IF(E7="做多",(N7-M7)/M7*O7,(M7-N7)/M7*O7)))) -> -1.4054161 | U7: =IF(OR(T7="",S7=""),"",T7-S7) -> -1.6454161 | V7: =IF(OR(U7="",Q7=""),"",IF(Q7="CNY",U7,IF(Q7="USDT",U7*字典与说明!$H$25,""))) -> -11.846996 | W7: =IF(OR(U7="",R7="",R7=0),"",U7/R7) | X7: =IF(U7="","",IF(U7>0,"是","否")) -> 否 | Y7: C | Z7: 报复性 | AA7: 被情绪左右，止损挂太低了 | AB7: 入场的时机还比较好 | AC7: 控制情绪。
A8: 46213 | B8: MUUSDT | C8: MUUSDT | D8: 加密 | E8: 做多 | F8: 趋势突破 | G8: 1分 | H8: 46213.911 | I8: 46213.913 | J8: =IF(OR(H8="",I8=""),"",ROUND((I8-H8)*1440,0)) -> 3 | K8: 突破区间上沿 | L8: 误点市价卖出 | M8: 976.98 | N8: 972.27 | O8: 200 | P8: =IF(D8="","",IF(D8="加密","金额",IF(D8="A股","数量","数量"))) -> 金额 | Q8: =IF(D8="","",IF(D8="加密","USDT",IF(D8="A股","CNY",""))) -> USDT | S8: 0.08 | T8: =IF(OR(E8="",M8="",N8="",O8=""),"",IF(OR(P8="",P8="数量"),IF(E8="做多",(N8-M8)*O8,(M8-N8)*O8),IF(M8=0,"",IF(E8="做多",(N8-M8)/M8*O8,(M8-N8)/M8*O8)))) -> -0.96419579 | U8: =IF(OR(T8="",S8=""),"",T8-S8) -> -1.0441958 | V8: =IF(OR(U8="",Q8=""),"",IF(Q8="CNY",U8,IF(Q8="USDT",U8*字典与说明!$H$25,""))) -> -7.5182097 | W8: =IF(OR(U8="",R8="",R8=0),"",U8/R8) | X8: =IF(U8="","",IF(U8>0,"是","否")) -> 否 | Y8: B | Z8: 平静 | AA8: 没有识别到假突破，误点市价卖出 | AB8: 看到一个突破区间上沿 | AD8: 今天虽然亏了，但是发现自己不会做的行情，自己克制住了不做。
A9: 46218 | B9: MUUSDT | C9: MUUSDT | D9: 加密 | E9: 做多 | F9: 其他 | G9: 1分 | H9: 46218.936 | I9: 46218.97 | J9: =IF(OR(H9="",I9=""),"",ROUND((I9-H9)*1440,0)) -> 48 | K9: 看反弹 | L9: 被迫止损离场 | M9: 958.74 | N9: 899.36 | O9: 500 | P9: 金额 | Q9: USDT | S9: 0.2 | T9: =IF(OR(E9="",M9="",N9="",O9=""),"",IF(OR(P9="",P9="数量"),IF(E9="做多",(N9-M9)*O9,(M9-N9)*O9),IF(M9=0,"",IF(E9="做多",(N9-M9)/M9*O9,(M9-N9)/M9*O9)))) -> -30.967728 | U9: =IF(OR(T9="",S9=""),"",T9-S9) -> -31.167728 | V9: =IF(OR(U9="",Q9=""),"",IF(Q9="CNY",U9,IF(Q9="USDT",U9*字典与说明!$H$25,""))) -> -224.40765 | W9: =IF(OR(U9="",R9="",R9=0),"",U9/R9) | X9: =IF(U9="","",IF(U9>0,"是","否")) -> 否 | Y9: B | Z9: 恐惧 | AA9: 没有止损
A10: 46219 | B10: 159316 | C10: 港股通创新药ETF易方达 | D10: A股 | E10: 做多 | F10: 趋势突破 | G10: 5分 | H10: 46219.396 | I10: 46219.407 | J10: =IF(OR(H10="",I10=""),"",ROUND((I10-H10)*1440,0)) -> 15 | K10: 开盘高开高走 | L10: 打掉止损 | M10: 1.192 | N10: 1.164 | O10: 1000 | P10: =IF(D10="","",IF(D10="加密","金额",IF(D10="A股","数量","数量"))) -> 数量 | Q10: =IF(D10="","",IF(D10="加密","USDT",IF(D10="A股","CNY",""))) -> CNY | S10: 10 | T10: =IF(OR(E10="",M10="",N10="",O10=""),"",IF(OR(P10="",P10="数量"),IF(E10="做多",(N10-M10)*O10,(M10-N10)*O10),IF(M10=0,"",IF(E10="做多",(N10-M10)/M10*O10,(M10-N10)/M10*O10)))) -> -28 | U10: =IF(OR(T10="",S10=""),"",T10-S10) -> -38 | V10: =IF(OR(U10="",Q10=""),"",IF(Q10="CNY",U10,IF(Q10="USDT",U10*字典与说明!$H$25,""))) -> -38 | W10: =IF(OR(U10="",R10="",R10=0),"",U10/R10) | X10: =IF(U10="","",IF(U10>0,"是","否")) -> 否 | Y10: B | Z10: 犹豫 | AA10: 看到下跌的时候就慌了，以为会一直下跌， 然后就随便挂了一个低点止损 | AB10: 设置了止损 | AC10: 第二离场点离场 | AD10: 不得不多东财太拉了，5min k看不到买卖点
A11: 46220 | B11: 159316 | C11: 港股通创新药ETF易方达 | D11: A股 | E11: 做多 | F11: 趋势突破 | G11: 5分 | H11: 46220.463 | I11: 46220.542 | J11: =IF(OR(H11="",I11=""),"",ROUND((I11-H11)*1440,0)) -> 114 | K11: 反转突破 | L11: 打掉止损离场 | M11: 1.108 | N11: 1.094 | O11: 2200 | P11: =IF(D11="","",IF(D11="加密","金额",IF(D11="A股","数量","数量"))) -> 数量 | Q11: =IF(D11="","",IF(D11="加密","USDT",IF(D11="A股","CNY",""))) -> CNY | S11: 10 | T11: =IF(OR(E11="",M11="",N11="",O11=""),"",IF(OR(P11="",P11="数量"),IF(E11="做多",(N11-M11)*O11,(M11-N11)*O11),IF(M11=0,"",IF(E11="做多",(N11-M11)/M11*O11,(M11-N11)/M11*O11)))) -> -30.8 | U11: =IF(OR(T11="",S11=""),"",T11-S11) -> -40.8 | V11: =IF(OR(U11="",Q11=""),"",IF(Q11="CNY",U11,IF(Q11="USDT",U11*字典与说明!$H$25,""))) -> -40.8 | W11: =IF(OR(U11="",R11="",R11=0),"",U11/R11) | X11: =IF(U11="","",IF(U11>0,"是","否")) -> 否 | Y11: B | Z11: 平静 | AA11: 判断错误，以为能反弹到0.5 做剥头皮，买入就拐头向下 | AB11: 买入，设置止盈止损 | AC11: Buy Stop Order、在成熟一点
D12: A股 | E12: 做多 | F12: 回调低吸 | G12: 5分 | H12: 46220.584 | I12: 46220.623 | J12: =IF(OR(H12="",I12=""),"",ROUND((I12-H12)*1440,0)) -> 55 | K12: 趋势反弹 | L12: 接近收盘，主动止损离场 | M12: 1.109 | N12: 1.099 | O12: 2200 | P12: =IF(D12="","",IF(D12="加密","金额",IF(D12="A股","数量","数量"))) -> 数量 | Q12: =IF(D12="","",IF(D12="加密","USDT",IF(D12="A股","CNY",""))) -> CNY | S12: 10 | T12: =IF(OR(E12="",M12="",N12="",O12=""),"",IF(OR(P12="",P12="数量"),IF(E12="做多",(N12-M12)*O12,(M12-N12)*O12),IF(M12=0,"",IF(E12="做多",(N12-M12)/M12*O12,(M12-N12)/M12*O12)))) -> -22 | U12: =IF(OR(T12="",S12=""),"",T12-S12) -> -32 | V12: =IF(OR(U12="",Q12=""),"",IF(Q12="CNY",U12,IF(Q12="USDT",U12*字典与说明!$H$25,""))) -> -32 | W12: =IF(OR(U12="",R12="",R12=0),"",U12/R12) | X12: =IF(U12="","",IF(U12>0,"是","否")) -> 否 | Y12: B | Z12: 平静 | AA12: 把反弹看成反转做 | AB12: 在突破的时候买入
B13: MUUSDT | C13: MUUSDT | D13: 加密 | E13: 做空 | F13: 趋势突破 | G13: 5分 | H13: 46220.963 | I13: 46220.972 | J13: =IF(OR(H13="",I13=""),"",ROUND((I13-H13)*1440,0)) -> 13 | K13: 回调 | L13: 止损离场 | M13: 849.05 | N13: 856.4 | O13: 400 | P13: =IF(D13="","",IF(D13="加密","金额",IF(D13="A股","数量","数量"))) -> 金额 | Q13: =IF(D13="","",IF(D13="加密","USDT",IF(D13="A股","CNY",""))) -> USDT | S13: 0.16 | T13: =IF(OR(E13="",M13="",N13="",O13=""),"",IF(OR(P13="",P13="数量"),IF(E13="做多",(N13-M13)*O13,(M13-N13)*O13),IF(M13=0,"",IF(E13="做多",(N13-M13)/M13*O13,(M13-N13)/M13*O13)))) -> -3.4626936 | U13: =IF(OR(T13="",S13=""),"",T13-S13) -> -3.6226936 | V13: =IF(OR(U13="",Q13=""),"",IF(Q13="CNY",U13,IF(Q13="USDT",U13*字典与说明!$H$25,""))) -> -26.083394 | W13: =IF(OR(U13="",R13="",R13=0),"",U13/R13) | X13: =IF(U13="","",IF(U13>0,"是","否")) -> 否 | Y13: B | Z13: 平静 | AA13: 回调，挂的条件单没有触发 被迫追进去，被止损 | AC13: 操作在快一点
D14: 加密 | E14: 做空 | F14: 趋势突破 | G14: 5分 | H14: 46221.006 | I14: 46221.007 | J14: =IF(OR(H14="",I14=""),"",ROUND((I14-H14)*1440,0)) -> 2 | K14: 突破入场 | L14: 止损离场 | M14: 882.95 | N14: 888.93 | O14: 400 | P14: =IF(D14="","",IF(D14="加密","金额",IF(D14="A股","数量","数量"))) -> 金额 | Q14: =IF(D14="","",IF(D14="加密","USDT",IF(D14="A股","CNY",""))) -> USDT | S14: 0.16 | T14: =IF(OR(E14="",M14="",N14="",O14=""),"",IF(OR(P14="",P14="数量"),IF(E14="做多",(N14-M14)*O14,(M14-N14)*O14),IF(M14=0,"",IF(E14="做多",(N14-M14)/M14*O14,(M14-N14)/M14*O14)))) -> -2.7091002 | U14: =IF(OR(T14="",S14=""),"",T14-S14) -> -2.8691002 | V14: =IF(OR(U14="",Q14=""),"",IF(Q14="CNY",U14,IF(Q14="USDT",U14*字典与说明!$H$25,""))) -> -20.657521 | W14: =IF(OR(U14="",R14="",R14=0),"",U14/R14) | X14: =IF(U14="","",IF(U14>0,"是","否")) -> 否 | Y14: B | Z14: 犹豫 | AA14: 追涨杀跌，操作慢 犹豫不决
D15: 加密 | E15: 做多 | F15: 趋势突破 | G15: 5分 | H15: 46221.007 | I15: 46221.039 | J15: =IF(OR(H15="",I15=""),"",ROUND((I15-H15)*1440,0)) -> 45 | K15: 突破震荡区间 | L15: 止盈离场 | M15: 889.1 | N15: 894.36 | O15: 400 | P15: =IF(D15="","",IF(D15="加密","金额",IF(D15="A股","数量","数量"))) -> 金额 | Q15: =IF(D15="","",IF(D15="加密","USDT",IF(D15="A股","CNY",""))) -> USDT | S15: 0.16 | T15: =IF(OR(E15="",M15="",N15="",O15=""),"",IF(OR(P15="",P15="数量"),IF(E15="做多",(N15-M15)*O15,(M15-N15)*O15),IF(M15=0,"",IF(E15="做多",(N15-M15)/M15*O15,(M15-N15)/M15*O15)))) -> 2.366438 | U15: =IF(OR(T15="",S15=""),"",T15-S15) -> 2.206438 | V15: =IF(OR(U15="",Q15=""),"",IF(Q15="CNY",U15,IF(Q15="USDT",U15*字典与说明!$H$25,""))) -> 15.886353 | W15: =IF(OR(U15="",R15="",R15=0),"",U15/R15) | X15: =IF(U15="","",IF(U15>0,"是","否")) -> 是 | Y15: A | Z15: 平静
J16: =IF(OR(H16="",I16=""),"",ROUND((I16-H16)*1440,0)) | P16: =IF(D16="","",IF(D16="加密","金额",IF(D16="A股","数量","数量"))) | Q16: =IF(D16="","",IF(D16="加密","USDT",IF(D16="A股","CNY",""))) | T16: =IF(OR(E16="",M16="",N16="",O16=""),"",IF(OR(P16="",P16="数量"),IF(E16="做多",(N16-M16)*O16,(M16-N16)*O16),IF(M16=0,"",IF(E16="做多",(N16-M16)/M16*O16,(M16-N16)/M16*O16)))) | U16: =IF(OR(T16="",S16=""),"",T16-S16) | V16: =IF(OR(U16="",Q16=""),"",IF(Q16="CNY",U16,IF(Q16="USDT",U16*字典与说明!$H$25,""))) | W16: =IF(OR(U16="",R16="",R16=0),"",U16/R16) | X16: =IF(U16="","",IF(U16>0,"是","否"))
J17: =IF(OR(H17="",I17=""),"",ROUND((I17-H17)*1440,0)) | P17: =IF(D17="","",IF(D17="加密","金额",IF(D17="A股","数量","数量"))) | Q17: =IF(D17="","",IF(D17="加密","USDT",IF(D17="A股","CNY",""))) | T17: =IF(OR(E17="",M17="",N17="",O17=""),"",IF(OR(P17="",P17="数量"),IF(E17="做多",(N17-M17)*O17,(M17-N17)*O17),IF(M17=0,"",IF(E17="做多",(N17-M17)/M17*O17,(M17-N17)/M17*O17)))) | U17: =IF(OR(T17="",S17=""),"",T17-S17) | V17: =IF(OR(U17="",Q17=""),"",IF(Q17="CNY",U17,IF(Q17="USDT",U17*字典与说明!$H$25,""))) | W17: =IF(OR(U17="",R17="",R17=0),"",U17/R17) | X17: =IF(U17="","",IF(U17>0,"是","否"))
J18: =IF(OR(H18="",I18=""),"",ROUND((I18-H18)*1440,0)) | P18: =IF(D18="","",IF(D18="加密","金额",IF(D18="A股","数量","数量"))) | Q18: =IF(D18="","",IF(D18="加密","USDT",IF(D18="A股","CNY",""))) | T18: =IF(OR(E18="",M18="",N18="",O18=""),"",IF(OR(P18="",P18="数量"),IF(E18="做多",(N18-M18)*O18,(M18-N18)*O18),IF(M18=0,"",IF(E18="做多",(N18-M18)/M18*O18,(M18-N18)/M18*O18)))) | U18: =IF(OR(T18="",S18=""),"",T18-S18) | V18: =IF(OR(U18="",Q18=""),"",IF(Q18="CNY",U18,IF(Q18="USDT",U18*字典与说明!$H$25,""))) | W18: =IF(OR(U18="",R18="",R18=0),"",U18/R18) | X18: =IF(U18="","",IF(U18>0,"是","否"))
J19: =IF(OR(H19="",I19=""),"",ROUND((I19-H19)*1440,0)) | P19: =IF(D19="","",IF(D19="加密","金额",IF(D19="A股","数量","数量"))) | Q19: =IF(D19="","",IF(D19="加密","USDT",IF(D19="A股","CNY",""))) | T19: =IF(OR(E19="",M19="",N19="",O19=""),"",IF(OR(P19="",P19="数量"),IF(E19="做多",(N19-M19)*O19,(M19-N19)*O19),IF(M19=0,"",IF(E19="做多",(N19-M19)/M19*O19,(M19-N19)/M19*O19)))) | U19: =IF(OR(T19="",S19=""),"",T19-S19) | V19: =IF(OR(U19="",Q19=""),"",IF(Q19="CNY",U19,IF(Q19="USDT",U19*字典与说明!$H$25,""))) | W19: =IF(OR(U19="",R19="",R19=0),"",U19/R19) | X19: =IF(U19="","",IF(U19>0,"是","否"))
J20: =IF(OR(H20="",I20=""),"",ROUND((I20-H20)*1440,0)) | P20: =IF(D20="","",IF(D20="加密","金额",IF(D20="A股","数量","数量"))) | Q20: =IF(D20="","",IF(D20="加密","USDT",IF(D20="A股","CNY",""))) | T20: =IF(OR(E20="",M20="",N20="",O20=""),"",IF(OR(P20="",P20="数量"),IF(E20="做多",(N20-M20)*O20,(M20-N20)*O20),IF(M20=0,"",IF(E20="做多",(N20-M20)/M20*O20,(M20-N20)/M20*O20)))) | U20: =IF(OR(T20="",S20=""),"",T20-S20) | V20: =IF(OR(U20="",Q20=""),"",IF(Q20="CNY",U20,IF(Q20="USDT",U20*字典与说明!$H$25,""))) | W20: =IF(OR(U20="",R20="",R20=0),"",U20/R20) | X20: =IF(U20="","",IF(U20>0,"是","否"))
J21: =IF(OR(H21="",I21=""),"",ROUND((I21-H21)*1440,0)) | P21: =IF(D21="","",IF(D21="加密","金额",IF(D21="A股","数量","数量"))) | Q21: =IF(D21="","",IF(D21="加密","USDT",IF(D21="A股","CNY",""))) | T21: =IF(OR(E21="",M21="",N21="",O21=""),"",IF(OR(P21="",P21="数量"),IF(E21="做多",(N21-M21)*O21,(M21-N21)*O21),IF(M21=0,"",IF(E21="做多",(N21-M21)/M21*O21,(M21-N21)/M21*O21)))) | U21: =IF(OR(T21="",S21=""),"",T21-S21) | V21: =IF(OR(U21="",Q21=""),"",IF(Q21="CNY",U21,IF(Q21="USDT",U21*字典与说明!$H$25,""))) | W21: =IF(OR(U21="",R21="",R21=0),"",U21/R21) | X21: =IF(U21="","",IF(U21>0,"是","否"))
J22: =IF(OR(H22="",I22=""),"",ROUND((I22-H22)*1440,0)) | P22: =IF(D22="","",IF(D22="加密","金额",IF(D22="A股","数量","数量"))) | Q22: =IF(D22="","",IF(D22="加密","USDT",IF(D22="A股","CNY",""))) | T22: =IF(OR(E22="",M22="",N22="",O22=""),"",IF(OR(P22="",P22="数量"),IF(E22="做多",(N22-M22)*O22,(M22-N22)*O22),IF(M22=0,"",IF(E22="做多",(N22-M22)/M22*O22,(M22-N22)/M22*O22)))) | U22: =IF(OR(T22="",S22=""),"",T22-S22) | V22: =IF(OR(U22="",Q22=""),"",IF(Q22="CNY",U22,IF(Q22="USDT",U22*字典与说明!$H$25,""))) | W22: =IF(OR(U22="",R22="",R22=0),"",U22/R22) | X22: =IF(U22="","",IF(U22>0,"是","否"))
J23: =IF(OR(H23="",I23=""),"",ROUND((I23-H23)*1440,0)) | P23: =IF(D23="","",IF(D23="加密","金额",IF(D23="A股","数量","数量"))) | Q23: =IF(D23="","",IF(D23="加密","USDT",IF(D23="A股","CNY",""))) | T23: =IF(OR(E23="",M23="",N23="",O23=""),"",IF(OR(P23="",P23="数量"),IF(E23="做多",(N23-M23)*O23,(M23-N23)*O23),IF(M23=0,"",IF(E23="做多",(N23-M23)/M23*O23,(M23-N23)/M23*O23)))) | U23: =IF(OR(T23="",S23=""),"",T23-S23) | V23: =IF(OR(U23="",Q23=""),"",IF(Q23="CNY",U23,IF(Q23="USDT",U23*字典与说明!$H$25,""))) | W23: =IF(OR(U23="",R23="",R23=0),"",U23/R23) | X23: =IF(U23="","",IF(U23>0,"是","否"))
J24: =IF(OR(H24="",I24=""),"",ROUND((I24-H24)*1440,0)) | P24: =IF(D24="","",IF(D24="加密","金额",IF(D24="A股","数量","数量"))) | Q24: =IF(D24="","",IF(D24="加密","USDT",IF(D24="A股","CNY",""))) | T24: =IF(OR(E24="",M24="",N24="",O24=""),"",IF(OR(P24="",P24="数量"),IF(E24="做多",(N24-M24)*O24,(M24-N24)*O24),IF(M24=0,"",IF(E24="做多",(N24-M24)/M24*O24,(M24-N24)/M24*O24)))) | U24: =IF(OR(T24="",S24=""),"",T24-S24) | V24: =IF(OR(U24="",Q24=""),"",IF(Q24="CNY",U24,IF(Q24="USDT",U24*字典与说明!$H$25,""))) | W24: =IF(OR(U24="",R24="",R24=0),"",U24/R24) | X24: =IF(U24="","",IF(U24>0,"是","否"))
J25: =IF(OR(H25="",I25=""),"",ROUND((I25-H25)*1440,0)) | P25: =IF(D25="","",IF(D25="加密","金额",IF(D25="A股","数量","数量"))) | Q25: =IF(D25="","",IF(D25="加密","USDT",IF(D25="A股","CNY",""))) | T25: =IF(OR(E25="",M25="",N25="",O25=""),"",IF(OR(P25="",P25="数量"),IF(E25="做多",(N25-M25)*O25,(M25-N25)*O25),IF(M25=0,"",IF(E25="做多",(N25-M25)/M25*O25,(M25-N25)/M25*O25)))) | U25: =IF(OR(T25="",S25=""),"",T25-S25) | V25: =IF(OR(U25="",Q25=""),"",IF(Q25="CNY",U25,IF(Q25="USDT",U25*字典与说明!$H$25,""))) | W25: =IF(OR(U25="",R25="",R25=0),"",U25/R25) | X25: =IF(U25="","",IF(U25>0,"是","否"))
J26: =IF(OR(H26="",I26=""),"",ROUND((I26-H26)*1440,0)) | P26: =IF(D26="","",IF(D26="加密","金额",IF(D26="A股","数量","数量"))) | Q26: =IF(D26="","",IF(D26="加密","USDT",IF(D26="A股","CNY",""))) | T26: =IF(OR(E26="",M26="",N26="",O26=""),"",IF(OR(P26="",P26="数量"),IF(E26="做多",(N26-M26)*O26,(M26-N26)*O26),IF(M26=0,"",IF(E26="做多",(N26-M26)/M26*O26,(M26-N26)/M26*O26)))) | U26: =IF(OR(T26="",S26=""),"",T26-S26) | V26: =IF(OR(U26="",Q26=""),"",IF(Q26="CNY",U26,IF(Q26="USDT",U26*字典与说明!$H$25,""))) | W26: =IF(OR(U26="",R26="",R26=0),"",U26/R26) | X26: =IF(U26="","",IF(U26>0,"是","否"))
J27: =IF(OR(H27="",I27=""),"",ROUND((I27-H27)*1440,0)) | P27: =IF(D27="","",IF(D27="加密","金额",IF(D27="A股","数量","数量"))) | Q27: =IF(D27="","",IF(D27="加密","USDT",IF(D27="A股","CNY",""))) | T27: =IF(OR(E27="",M27="",N27="",O27=""),"",IF(OR(P27="",P27="数量"),IF(E27="做多",(N27-M27)*O27,(M27-N27)*O27),IF(M27=0,"",IF(E27="做多",(N27-M27)/M27*O27,(M27-N27)/M27*O27)))) | U27: =IF(OR(T27="",S27=""),"",T27-S27) | V27: =IF(OR(U27="",Q27=""),"",IF(Q27="CNY",U27,IF(Q27="USDT",U27*字典与说明!$H$25,""))) | W27: =IF(OR(U27="",R27="",R27=0),"",U27/R27) | X27: =IF(U27="","",IF(U27>0,"是","否"))
... J204: =IF(OR(H204="",I204=""),"",ROUND((I204-H204)*1440,0)) | P204: =IF(D204="","",IF(D204="加密","金额",IF(D204="A股","数量","数量"))) | Q204: =IF(D204="","",IF(D204="加密","USDT",IF(D204="A股","CNY",""))) | T204: =IF(OR(E204="",M204="",N204="",O204=""),"",IF(OR(P204="",P204="数量"),IF(E204="做多",(N204-M204)*O204,(M204-N204)*O204),IF(M204=0,"",IF(E204="做多",(N204-M204)/M204*O204,(M204-N204)/M204*O204)))) | U204: =IF(OR(T204="",S204=""),"",T204-S204) | V204: =IF(OR(U204="",Q204=""),"",IF(Q204="CNY",U204,IF(Q204="USDT",U204*字典与说明!$H$25,""))) | W204: =IF(OR(U204="",R204="",R204=0),"",U204/R204) | X204: =IF(U204="","",IF(U204>0,"是","否"))

Sheet 当日复盘
A1: 币安+A股当日复盘面板
A2: 先在 C3 录入需要查看的日期。上半区看全天总览和分市场统计，下半区完成文字复盘与纪律检查。
B3: 复盘日期 | C3: 46210
B5: 总笔数 | E5: 盈利笔数 | H5: 胜率 | K5: 净盈亏（元）
B6: =IF($C$3="","",COUNTIFS(交易明细!$A$4:$A$204,INT($C$3))) -> 1 | E6: =IF($C$3="","",COUNTIFS(交易明细!$A$4:$A$204,INT($C$3),交易明细!$U$4:$U$204,">0")) -> 0 | H6: =IF(B6="","",IF(B6=0,"",E6/B6)) -> 0 | K6: =IF($C$3="","",SUMIFS(交易明细!$V$4:$V$204,交易明细!$A$4:$A$204,INT($C$3))) -> -16.289895
B9: 总R | E9: 平均盈利 | H9: 平均亏损 | K9: 平均持仓分钟
B10: =IF($C$3="","",SUMIFS(交易明细!$W$4:$W$204,交易明细!$A$4:$A$204,INT($C$3))) -> 0 | E10: =IF(E6="","",IF(E6=0,"",SUMIFS(交易明细!$U$4:$U$204,交易明细!$A$4:$A$204,INT($C$3),交易明细!$U$4:$U$204,">0")/E6)) | H10: =IF(B6="","",IF(B6-E6=0,"",SUMIFS(交易明细!$U$4:$U$204,交易明细!$A$4:$A$204,INT($C$3),交易明细!$U$4:$U$204,"<0")/(B6-E6))) -> -2.2624854 | K10: =IF($C$3="","",IF(B6=0,"",SUMIFS(交易明细!$J$4:$J$204,交易明细!$A$4:$A$204,INT($C$3))/B6)) -> 62
B13: 分市场统计
B14: 市场 | C14: 总笔数 | D14: 胜率 | E14: 净盈亏（元） | F14: 总R
B15: 加密(币安) | C15: =IF($C$3="","",COUNTIFS(交易明细!$A$4:$A$204,INT($C$3),交易明细!$D$4:$D$204,"加密")) -> 1 | D15: =IF(C15="","",IF(C15=0,"",COUNTIFS(交易明细!$A$4:$A$204,INT($C$3),交易明细!$D$4:$D$204,"加密",交易明细!$U$4:$U$204,">0")/C15)) -> 0 | E15: =IF($C$3="","",SUMIFS(交易明细!$V$4:$V$204,交易明细!$A$4:$A$204,INT($C$3),交易明细!$D$4:$D$204,"加密")) -> -16.289895 | F15: =IF($C$3="","",SUMIFS(交易明细!$W$4:$W$204,交易明细!$A$4:$A$204,INT($C$3),交易明细!$D$4:$D$204,"加密")) -> 0
B16: A股 | C16: =IF($C$3="","",COUNTIFS(交易明细!$A$4:$A$204,INT($C$3),交易明细!$D$4:$D$204,"A股")) -> 0 | D16: =IF(C16="","",IF(C16=0,"",COUNTIFS(交易明细!$A$4:$A$204,INT($C$3),交易明细!$D$4:$D$204,"A股",交易明细!$U$4:$U$204,">0")/C16)) | E16: =IF($C$3="","",SUMIFS(交易明细!$V$4:$V$204,交易明细!$A$4:$A$204,INT($C$3),交易明细!$D$4:$D$204,"A股")) -> 0 | F16: =IF($C$3="","",SUMIFS(交易明细!$W$4:$W$204,交易明细!$A$4:$A$204,INT($C$3),交易明细!$D$4:$D$204,"A股")) -> 0
B19: 文字复盘 | I19: 纪律检查
B20: 今日市场环境 / 盘前计划 | I20: 检查项 | J20: 结果 | K20: 检查项 | L20: 结果
I21: 是否只做计划内交易 | K21: 是否严格执行止损
I22: 是否有临盘加仓冲动 | K22: 是否有报复性交易
B23: 最满意的一笔 | I23: 是否按计划离场 | K23: 是否记录了截图
I24: 明日优先修正项 | K24: 备注
I25: 128 | J25: 128 | K25: 128 | L25: 128
B26: 最大失误与原因 | I26: 128 | J26: 128 | K26: 128 | L26: 128
B29: 明日只改一件事

Sheet 字典与说明
A1: 字段说明与下拉字典
A2: 这个版本偏向币安使用场景，同时兼容 A 股：加密默认按 金额+USDT 记仓位，A股默认按 数量+CNY 记仓位。
A4: 使用说明 | G4: 下拉选项
A5: 1 | B5: 每天每笔交易占一行，先填黄色列。 | C5: 128 | D5: 128 | E5: 128 | G5: 市场 | H5: 默认仓位口径 | I5: 默认结算币种 | J5: 说明
A6: 2 | B6: 市场=加密：默认 仓位口径=金额、结算币种=USDT，适合币安用 USDT 记名义金额。 | C6: 128 | D6: 128 | E6: 128 | G6: 加密 | H6: 金额 | I6: USDT | J6: 币安默认
A7: 3 | B7: 市场=A股：默认 仓位口径=数量、结算币种=CNY。 | C7: 128 | D7: 128 | E7: 128 | G7: A股 | H7: 数量 | I7: CNY | J7: A股默认
A8: 4 | B8: R 倍 = 净盈亏 / 计划风险金额，用于看执行质量，不受仓位大小干扰。 | C8: 128 | D8: 128 | E8: 128 | G8: 方向 | H8: 做多 | I8: 策略 | J8: 趋势突破
A9: 5 | B9: A股手续费、佣金、印花税等统一手填总额到 手续费税费 列。 | C9: 128 | D9: 128 | E9: 128 | G9: 128 | H9: 做空 | I9: 128 | J9: 回调低吸
A10: 6 | B10: 加密与 A股 共用一张总表，方便你按日期统一复盘。 | C10: 128 | D10: 128 | E10: 128 | G10: 评分 | H10: A | I10: 情绪 | J10: 平静
G11: 128 | H11: B | I11: 128 | J11: 自信
A12: 常见错误标签建议 | G12: 128 | H12: C | I12: 128 | J12: 犹豫
A13: 1 | B13: 提前进场 | C13: 128 | D13: 128 | E13: 128 | G13: 仓位口径 | H13: 数量 | I13: 结算币种 | J13: USDT
A14: 2 | B14: 追高/杀跌 | C14: 128 | D14: 128 | E14: 128 | G14: 128 | H14: 金额 | I14: 128 | J14: USD
A15: 3 | B15: 止损不坚决 | C15: 128 | D15: 128 | E15: 128
A16: 4 | B16: 仓位过大 | C16: 128 | D16: 128 | E16: 128 | G16: 字段口径
A17: 5 | B17: 计划外交易 | C17: 128 | D17: 128 | E17: 128 | G17: 仓位口径 | H17: 数量=股数/币数；金额=按入场价换算盈亏的名义金额 | I17: 128 | J17: 128
A18: 6 | B18: 过早止盈 | C18: 128 | D18: 128 | E18: 128 | G18: 结算币种 | H18: 加密默认 USDT；A股默认 CNY；可手动改成 USD 等 | I18: 128 | J18: 128
A19: 7 | B19: 逆势交易 | C19: 128 | D19: 128 | E19: 128 | G19: 手续费税费 | H19: 币安填实际手续费；A股把佣金、印花税等合并后手填 | I19: 128 | J19: 128
A20: 8 | B20: 无效等待 | C20: 128 | D20: 128 | E20: 128 | G20: 计划风险金额 | H20: 单笔愿意承受的最大亏损金额 | I20: 128 | J20: 128
A21: 9 | B21: 其他 | C21: 128 | D21: 128 | E21: 128 | G21: 执行评分 | H21: A=完全按计划，B=有瑕疵，C=明显失控 | I21: 128 | J21: 128
G22: 下次改进 | H22: 只写下一次可执行的动作 | I22: 128 | J22: 128
G23: 当天交易总结 | H23: 用于记录当天整体交易结论、主要得失与总体改进点。
G24: 截图/链接 | H24: 可放交割单截图、本地文件路径或网页链接 | I24: 128 | J24: 128
G25: USDT/CNY 参考汇率 | H25: 7.2 | I25: 元 / USDT | J25: 更新此数值后，净盈亏（元）会自动重算

Sheet 总盈亏统计
A1: 总盈亏统计
A2: 汇总“交易明细”中所有已录入交易的人民币净盈亏。
B4: 全部交易净盈亏（元）
C6: =SUM(交易明细!$V$4:$V$204) -> -510.61281
A10: 统计说明
A11: 统计口径：汇总“交易明细”页的“净盈亏（元）”列。A股的 CNY 净盈亏直接计入；USDT 交易按“字典与说明”页中的 USDT/CNY 参考汇率换算。调整该汇率后，本页会自动重新计算。
